App ID,Application,Vendor,Primary capability,Business value,Technical health,Cost efficiency,Risk posture,V,T,C,R,Pattern key,Disposition,Priority,Rationale,Recommendation,Confidence,Why that confidence,Evidence gaps behind the confidence flag,Alternative under risk-excluded gate,Priority basis,Her Lifecycle Stage (COMPARISON ONLY — held out of scoring)
APP-001,Epic,Epic Systems Corporation,Patient record management,4.833,3.929,4.667,4.5,P,P,P,P,PPPP,retain,Very Low,"Epic scores business value 4.83 clears the 3.0 gate; technical health 3.93 clears the 3.0 gate; cost efficiency 4.67 clears the 3.0 gate; risk posture 4.50 clears the 3.0 gate, giving pattern PPPP -> retain. The business value figure is driven by ov increase value at 4.0: money-path capabilities Revenue cycle operations held as Secondary. The technical health figure is driven by th architecture fit at 3.5: Hosting Model -> 4.0; 2 Critical dependency with Low migration feasibility (Enterprise Integration Eng, Enterprise PACS) -0.5. It is the survivor of overlap group CLU-01 (Clinical documentation, Clinical order management, Patient record management), holding those capabilities as Primary while APP-002 carries Duplicative or Secondary roles on them.",No action and no spend. Keep Epic on its current contract; re-score at the 2027-06-30 renewal.,high,her Evidence Confidence is High and no gap of any kind on this row,none beyond the two portfolio-wide gaps,no change,straight from the PPPP row of the lookup table,Strategic Invest
APP-002,Oracle Health EHR,Oracle Corporation,Patient record management,3.417,3.571,2.5,3.0,P,P,F,P,PPFP,consolidate,High,"Oracle Health EHR scores business value 3.42 clears the 3.0 gate; technical health 3.57 clears the 3.0 gate; cost efficiency 2.50 fails the 3.0 gate; risk posture 3.00 clears the 3.0 gate, giving pattern PPFP -> consolidate. The cost efficiency figure is driven by c cost per active user vs peers at 2.0: $903 per active user vs capability-peer median $506 = 1.78x -> 2.0 (3 apps sharing at least one capability with it in her Capability Map (APP-001, APP-002, APP-019)). v2's Category basis gave the same 2.0 ($586 median, 1.54x, 3 apps in Category 'Electronic Health Record'). Her Capability Map marks 3 of 4 of its capability rows Duplicative, a survivor (APP-001) holds the same capabilities as Primary, and her own evidence names a migration path, so the redundancy override forces consolidate rather than retire: the capability persists. Her TCO sheet puts $4,400,000 of the $6,500,000 annual run cost as avoidable, against $2,200,000 one-time transition cost. $2,100,000 a year survives the action and is NOT claimed; her Cost Notes give the reason: ""Avoidable after EHR migration, interface cutover, and contract exit."" Redundancy override: cluster CLU-01 membership overrides the invest the gates returned and forces consolidate into APP-001; the capability persists there.","Fold into APP-001 and stop paying for Oracle Health EHR separately. Budget $2,200,000 of one-time transition cost to release $4,400,000 a year ($2,200,000 net in year one). Serve or waive exit notice by 2026-10-03 (renewal 2027-01-31, 120 days notice, AUTO-RENEW ON).",medium,"gaps exist but none of them can move this row's answer: risk posture 3.00 sits within 0.5 of the 3.0 gate, so one half-step of judgement on any risk input could flip it","risk posture 3.00 sits within 0.5 of the 3.0 gate, so one half-step of judgement on any risk input could flip it",no change,"redundancy override: exit-notice deadline 2026-10-03 is 50 days out (renewal 2027-01-31 less 120 days notice, auto-renew Yes)",Consolidation Candidate
APP-003,athenaOne,"athenahealth, Inc.",Ambulatory care delivery,4.583,4.429,3.167,4.833,P,P,P,P,PPPP,retain,Very Low,"athenaOne scores business value 4.58 clears the 3.0 gate; technical health 4.43 clears the 3.0 gate; cost efficiency 3.17 clears the 3.0 gate; risk posture 4.83 clears the 3.0 gate, giving pattern PPPP -> retain. The business value figure is driven by ov reach consumers at 4.0: 2,560 active users of 3,000 entitled (85.3%) -> depth 5.0, breadth 3.0. The technical health figure is driven by th vendor viability at 3.0: her Vendor risk row: Vendor residual Medium/Open -> 3.0.",No action and no spend. Keep athenaOne on its current contract; re-score at the 2027-03-31 renewal.,high,her Evidence Confidence is High and no gap of any kind on this row,none beyond the two portfolio-wide gaps,no change,straight from the PPPP row of the lookup table,Active
APP-004,Microsoft Teams Enterprise,Microsoft Corporation,Enterprise collaboration,3.833,4.643,4.333,5.0,P,P,P,P,PPPP,retain,Very Low,"Microsoft Teams Enterprise scores business value 3.83 clears the 3.0 gate; technical health 4.64 clears the 3.0 gate; cost efficiency 4.33 clears the 3.0 gate; risk posture 5.00 clears the 3.0 gate, giving pattern PPPP -> retain. The business value figure is driven by ov increase value at 2.0: no money-path capability and Critical Operation Flag = No. The technical health figure is driven by th vendor viability at 4.0: no Vendor risk row raised; roadmap dated (minor 2026-09-10, major 2026-10-10) -> 4.0 [no vendor financials on file: lower evidence]. It is the survivor of overlap group CLU-02 (Enterprise collaboration, Virtual meetings, Workflow collaboration), holding those capabilities as Primary while APP-005, APP-006 carry Duplicative or Secondary roles on them.",No action and no spend. Keep Microsoft Teams Enterprise on its current contract; re-score at the 2027-06-30 renewal.,high,her Evidence Confidence is High and no gap of any kind on this row,none beyond the two portfolio-wide gaps,no change,straight from the PPPP row of the lookup table,Strategic Invest
APP-005,Slack Enterprise Grid,"Salesforce, Inc.",Enterprise collaboration,2.0,4.286,2.333,4.333,F,P,F,P,FPFP,consolidate,High,"Slack Enterprise Grid scores business value 2.00 fails the 3.0 gate; technical health 4.29 clears the 3.0 gate; cost efficiency 2.33 fails the 3.0 gate; risk posture 4.33 clears the 3.0 gate, giving pattern FPFP -> consolidate. The business value figure is driven by ov patient care criticality at 1.5: Business Criticality Medium -> 2.5; 2 of 2 capability rows Duplicative -1.0. The cost efficiency figure is driven by c unused licence waste at 2.0: 49.3% utilised, 5,480 entitled-but-inactive seats. Her Capability Map marks 2 of 2 of its capability rows Duplicative, a survivor (APP-004) holds the same capabilities as Primary, and her own evidence names a migration path, so the redundancy override forces consolidate rather than retire: the capability persists. Her TCO sheet puts $820,000 of the $1,260,000 annual run cost as avoidable, against $220,000 one-time transition cost. $440,000 a year survives the action and is NOT claimed; her Cost Notes give the reason: ""Savings exclude retained archive and migration support."" Redundancy override: cluster CLU-02 membership overrides the retire the gates returned and forces consolidate into APP-004; the capability persists there.","Fold into APP-004 and stop paying for Slack Enterprise Grid separately. Budget $220,000 of one-time transition cost to release $820,000 a year ($600,000 net in year one). Serve or waive exit notice by 2026-10-02 (renewal 2026-12-31, 90 days notice, AUTO-RENEW ON).",high,her Evidence Confidence is High and no gap of any kind on this row,none beyond the two portfolio-wide gaps,no change,"redundancy override: exit-notice deadline 2026-10-02 is 49 days out (renewal 2026-12-31 less 90 days notice, auto-renew Yes)",Consolidation Candidate
APP-006,Zoom Workplace,"Zoom Communications, Inc.",Virtual meetings and telehealth,2.333,4.5,2.667,2.167,F,P,F,F,FPFF,retire,Very High,"Zoom Workplace scores business value 2.33 fails the 3.0 gate; technical health 4.50 clears the 3.0 gate; cost efficiency 2.67 fails the 3.0 gate; risk posture 2.17 fails the 3.0 gate, giving pattern FPFF -> retire. The business value figure is driven by ov governance compliance at 1.5: regulated data (Internal / possible PHI) in a majority-Duplicative application; her Evidence Confidence = Low, -0.5. The cost efficiency figure is driven by c unused licence waste at 1.0: 26.0% utilised, 18,880 entitled-but-inactive seats. The risk posture figure is driven by r clinical safety risk at 1.0: Patient Care Impact Direct, Downtime Impact High, MTD 60 min; UNRESOLVED CRITICAL INTERFACE ERROR (-1.5); interface health Amber (-0.5); her Guardrail Status is 'Needs Validation' (Unresolved critical interface error) (-0.5); 1 confirmed app-related safety event(s), highest severity Moderate (-1.0); downtime procedure Not Tested (-1.0); Downtime Impact High with procedure not Tested (-0.5); no downtime exercise on record (-0.5). It overlaps group CLU-02 (Enterprise collaboration, Virtual meetings, Workflow collaboration) but is NOT treated as absorbed: majority-duplicative=True, migration path evidenced in her data=False. The gates decide it instead. Her TCO sheet puts $550,000 of the $1,130,000 annual run cost as avoidable, against $180,000 one-time transition cost. $580,000 a year survives the action and is NOT claimed; her Cost Notes give the reason: ""Potential only; not safe until telehealth and room dependencies are validated."" CAPABILITY ORPHANING: her Capability Map shows this app as the ONLY provider of CAP-011 Virtual care communications (Secondary/Partial coverage, capability criticality High). The term stands on the evidence, but nothing in her file picks that capability up.","PRECONDITION — confirm where CAP-011 Virtual care communications goes, or that it is not needed, before anything is switched off. Then: Switch off Zoom Workplace. Her evidence shows the capability is already covered elsewhere or is not worth keeping; export what must be kept, then terminate. Releases $550,000 a year for $180,000 one-time. Serve or waive exit notice by 2026-10-01 (renewal 2026-11-30, 60 days notice, AUTO-RENEW ON).",Needs Validation,"Needs Validation because her own Guardrail Status is 'Needs Validation': Unresolved critical interface error; her guardrail Evidence Confidence for this app is Low; her guardrail Data Applicability is 'Unknown', so the guardrail evidence may not describe this app correctly; her own Evidence Confidence for this app is Low; her Cost Notes withhold the saving (""Potential only; not safe until telehealth and room dependencies are validated."") while our term is retire; the action orphans 1 capability with no other provider in her Capability Map","her Guardrail Status is 'Needs Validation' (Unresolved critical interface error); her guardrail Evidence Confidence for this app is Low; her guardrail Data Applicability is 'Unknown'; her own Evidence Confidence for this app is Low; her Cost Notes withhold the saving pending validation; would orphan: CAP-011 Virtual care communications (Secondary/Partial coverage, capability criticality High)","same term, priority would be High (key FPFP)",straight from the FPFF row of the lookup table,Review
APP-007,Microsoft Dragon Copilot,Microsoft Corporation,Ambient clinical documentation,3.917,4.429,4.5,4.5,P,P,P,P,PPPP,retain,Very Low,"Microsoft Dragon Copilot scores business value 3.92 clears the 3.0 gate; technical health 4.43 clears the 3.0 gate; cost efficiency 4.50 clears the 3.0 gate; risk posture 4.50 clears the 3.0 gate, giving pattern PPPP -> retain. The business value figure is driven by ov increase value at 2.0: no money-path capability and Critical Operation Flag = No. The technical health figure is driven by th supportability at 4.0: release '2026.07 (synthetic)' -> 4.0 [no Vendor Support End on file: lower evidence]. It is the survivor of overlap group CLU-03 (Ambient clinical documentation, Clinical workflow assistance, Medical dictation), holding those capabilities as Primary while APP-008, APP-009, APP-010 carry Duplicative or Secondary roles on them.",No action and no spend. Keep Microsoft Dragon Copilot on its current contract; re-score at the 2027-02-28 renewal.,high,her Evidence Confidence is High and no gap of any kind on this row,none beyond the two portfolio-wide gaps,no change,straight from the PPPP row of the lookup table,Strategic Invest
APP-008,Abridge,"Abridge AI, Inc.",Ambient clinical documentation,2.333,4.286,3.333,4.333,F,P,P,P,FPPP,consolidate,High,"Abridge scores business value 2.33 fails the 3.0 gate; technical health 4.29 clears the 3.0 gate; cost efficiency 3.33 clears the 3.0 gate; risk posture 4.33 clears the 3.0 gate, giving pattern FPPP -> consolidate. The business value figure is driven by ov increase value at 2.0: no money-path capability and Critical Operation Flag = No. Her Capability Map marks 2 of 2 of its capability rows Duplicative, a survivor (APP-007) holds the same capabilities as Primary, and her own evidence names a migration path, so the redundancy override forces consolidate rather than retire: the capability persists. Her TCO sheet puts $380,000 of the $740,000 annual run cost as avoidable, against $120,000 one-time transition cost. $360,000 a year survives the action and is NOT claimed; her Cost Notes give the reason: ""Avoidable after provider and template migration.""","Fold into APP-007 and stop paying for Abridge separately. Budget $120,000 of one-time transition cost to release $380,000 a year ($260,000 net in year one). Serve or waive exit notice by 2026-10-16 (renewal 2026-12-15, 60 days notice, AUTO-RENEW ON).",high,her Evidence Confidence is High and no gap of any kind on this row,none beyond the two portfolio-wide gaps,no change,"redundancy override: exit-notice deadline 2026-10-16 is 63 days out (renewal 2026-12-15 less 60 days notice, auto-renew Yes)",Consolidation Candidate
APP-009,Nabla Copilot,Nabla,Ambient clinical documentation,1.5,3.5,1.0,3.5,F,P,F,P,FPFP,invest,High,"Nabla Copilot scores business value 1.50 fails the 3.0 gate; technical health 3.50 clears the 3.0 gate; cost efficiency 1.00 fails the 3.0 gate; risk posture 3.50 clears the 3.0 gate, giving pattern FPFP -> invest. The business value figure is driven by ov reach consumers at 1.0: 170 active users of 1,250 entitled (13.6%) -> depth 1.0, breadth 1.0. The cost efficiency figure is driven by c cost per active user vs peers at 1.0: $2,353 per active user vs capability-peer median $860 = 2.74x -> 1.0 (4 apps sharing at least one capability with it in her Capability Map (APP-007, APP-008, APP-009, APP-010)). v2's Category basis gave the same 1.0 ($860 median, 2.74x, 4 apps in Category 'Clinical AI'). It overlaps group CLU-03 (Ambient clinical documentation, Clinical workflow assistance, Medical dictation) but is NOT treated as absorbed: majority-duplicative=True, migration path evidenced in her data=False. The gates decide it instead. Her TCO sheet marks $240,000 avoidable, but our disposition is invest, which does not remove run-rate spend, so no saving is claimed here. Lifecycle guard: ARMED AND TRIGGERED: her Current Release / Version reads 'Pilot release', which names a pilot line rather than a supported GA release: the application has not finished ramping. Derived from the release string only -- her held-out Lifecycle Stage label was not read. Retire and replace are barred outright for an application that has not finished ramping, so the retire the gates returned is suppressed and becomes a funded invest at High priority. The failing dimensions are what the money buys..","Fund a remediation against business value and cost efficiency — specifically ov reach consumers, its weakest input at 1.0. Scope the work before the 2026-10-31 renewal so the spend is agreed with the vendor, not after it. Serve or waive exit notice by 2026-10-01 (renewal 2026-10-31, 30 days notice).",medium,"gaps exist but none of them can move this row's answer: risk posture 3.50 sits within 0.5 of the 3.0 gate, so one half-step of judgement on any risk input could flip it","risk posture 3.50 sits within 0.5 of the 3.0 gate, so one half-step of judgement on any risk input could flip it",no change,"lifecycle guard (decision c): the FPFP row of the lookup table returned retire, which is barred for an early-life application, so the engine substitutes a funded invest at High priority — the guard's own priority, not the table's",Pilot / Exit Candidate
APP-010,Suki Assistant,"Suki AI, Inc.",Ambient clinical documentation,2.333,4.5,2.5,4.5,F,P,F,P,FPFP,consolidate,High,"Suki Assistant scores business value 2.33 fails the 3.0 gate; technical health 4.50 clears the 3.0 gate; cost efficiency 2.50 fails the 3.0 gate; risk posture 4.50 clears the 3.0 gate, giving pattern FPFP -> consolidate. The business value figure is driven by ov increase value at 2.0: no money-path capability and Critical Operation Flag = No. The cost efficiency figure is driven by c unused licence waste at 1.5: 34.7% utilised, 1,215 entitled-but-inactive seats. Her Capability Map marks 3 of 3 of its capability rows Duplicative, a survivor (APP-007) holds the same capabilities as Primary, and her own evidence names a migration path, so the redundancy override forces consolidate rather than retire: the capability persists. Her TCO sheet puts $300,000 of the $620,000 annual run cost as avoidable, against $100,000 one-time transition cost. $320,000 a year survives the action and is NOT claimed; her Cost Notes give the reason: ""Avoidable after specialty workflow migration."" Redundancy override: cluster CLU-03 membership overrides the retire the gates returned and forces consolidate into APP-007; the capability persists there.","Fold into APP-007 and stop paying for Suki Assistant separately. Budget $100,000 of one-time transition cost to release $300,000 a year ($200,000 net in year one). Serve or waive exit notice by 2026-11-16 (renewal 2027-01-15, 60 days notice, AUTO-RENEW ON).",high,her Evidence Confidence is High and no gap of any kind on this row,none beyond the two portfolio-wide gaps,no change,"redundancy override: exit-notice deadline 2026-11-16 is 94 days out (renewal 2027-01-15 less 60 days notice, auto-renew Yes)",Consolidation Candidate
APP-011,QGenda ProviderCloud,"QGenda, LLC",Provider scheduling,4.917,4.429,5.0,4.833,P,P,P,P,PPPP,retain,Very Low,"QGenda ProviderCloud scores business value 4.92 clears the 3.0 gate; technical health 4.43 clears the 3.0 gate; cost efficiency 5.00 clears the 3.0 gate; risk posture 4.83 clears the 3.0 gate, giving pattern PPPP -> retain. The business value figure is driven by ov reach consumers at 4.5: 11,480 active users of 12,500 entitled (91.8%) -> depth 5.0, breadth 4.0. The technical health figure is driven by th supportability at 4.0: release '2026 Q2 (synthetic)' -> 4.0 [no Vendor Support End on file: lower evidence].",No action and no spend. Keep QGenda ProviderCloud on its current contract; re-score at the 2027-04-30 renewal.,high,her Evidence Confidence is High and no gap of any kind on this row,none beyond the two portfolio-wide gaps,no change,straight from the PPPP row of the lookup table,Active
APP-012,UKG Pro Workforce Management,"UKG, Inc.",Time and attendance,4.5,4.5,4.667,5.0,P,P,P,P,PPPP,retain,Very Low,"UKG Pro Workforce Management scores business value 4.50 clears the 3.0 gate; technical health 4.50 clears the 3.0 gate; cost efficiency 4.67 clears the 3.0 gate; risk posture 5.00 clears the 3.0 gate, giving pattern PPPP -> retain. The business value figure is driven by ov patient care criticality at 4.0: Business Criticality High -> 3.5; Critical Operation Flag Yes +0.5. The technical health figure is driven by th operational stability at 4.0: NETTED OUT to risk by decision a4 (not in this score): 15 P1/P2 in 12mo over 32,950 active users = 0.46/1k, which would have scored 5.0 here as it did in v2; MTTR 62 min -> 3.0; availability 0.9990 vs SLA 0.9990 -> 5.0.",No action and no spend. Keep UKG Pro Workforce Management on its current contract; re-score at the 2027-05-31 renewal.,high,her Evidence Confidence is High and no gap of any kind on this row,none beyond the two portfolio-wide gaps,no change,straight from the PPPP row of the lookup table,Active
APP-013,ServiceNow IT Service Management,"ServiceNow, Inc.",IT service management,4.333,4.429,4.0,5.0,P,P,P,P,PPPP,retain,Very Low,"ServiceNow IT Service Management scores business value 4.33 clears the 3.0 gate; technical health 4.43 clears the 3.0 gate; cost efficiency 4.00 clears the 3.0 gate; risk posture 5.00 clears the 3.0 gate, giving pattern PPPP -> retain. The business value figure is driven by ov increase value at 3.0: no money-path capability, but Critical Operation Flag = Yes. The technical health figure is driven by th customization debt at 3.0: config language 'JavaScript, configuration, Flow Designer, and RE' -> 3.0. It is the survivor of overlap group CLU-04 (Configuration management, IT service automation, IT service management), holding those capabilities as Primary while APP-014 carries Duplicative or Secondary roles on them.",No action and no spend. Keep ServiceNow IT Service Management on its current contract; re-score at the 2027-07-31 renewal.,high,her Evidence Confidence is High and no gap of any kind on this row,none beyond the two portfolio-wide gaps,no change,straight from the PPPP row of the lookup table,Strategic Invest
APP-014,Jira Service Management,Atlassian,IT service management,2.0,4.143,2.333,4.5,F,P,F,P,FPFP,consolidate,High,"Jira Service Management scores business value 2.00 fails the 3.0 gate; technical health 4.14 clears the 3.0 gate; cost efficiency 2.33 fails the 3.0 gate; risk posture 4.50 clears the 3.0 gate, giving pattern FPFP -> consolidate. The business value figure is driven by ov patient care criticality at 1.5: Business Criticality Medium -> 2.5; 3 of 3 capability rows Duplicative -1.0. The cost efficiency figure is driven by c unused licence waste at 2.0: 41.6% utilised, 4,670 entitled-but-inactive seats. Her Capability Map marks 3 of 3 of its capability rows Duplicative, a survivor (APP-013) holds the same capabilities as Primary, and her own evidence names a migration path, so the redundancy override forces consolidate rather than retire: the capability persists. Her TCO sheet puts $550,000 of the $720,000 annual run cost as avoidable, against $160,000 one-time transition cost. $170,000 a year survives the action and is NOT claimed; her Cost Notes give the reason: ""Includes licenses plus avoidable support effort; migrate engineering workflows first."" Redundancy override: cluster CLU-04 membership overrides the retire the gates returned and forces consolidate into APP-013; the capability persists there.","Fold into APP-013 and stop paying for Jira Service Management separately. Budget $160,000 of one-time transition cost to release $550,000 a year ($390,000 net in year one). Serve or waive exit notice by 2026-10-02 (renewal 2026-12-31, 90 days notice, AUTO-RENEW ON).",high,her Evidence Confidence is High and no gap of any kind on this row,none beyond the two portfolio-wide gaps,no change,"redundancy override: exit-notice deadline 2026-10-02 is 49 days out (renewal 2026-12-31 less 90 days notice, auto-renew Yes)",Consolidation Candidate
APP-015,Microsoft Power BI,Microsoft Corporation,Enterprise analytics,3.917,4.5,4.333,5.0,P,P,P,P,PPPP,retain,Very Low,"Microsoft Power BI scores business value 3.92 clears the 3.0 gate; technical health 4.50 clears the 3.0 gate; cost efficiency 4.33 clears the 3.0 gate; risk posture 5.00 clears the 3.0 gate, giving pattern PPPP -> retain. The business value figure is driven by ov increase value at 2.0: no money-path capability and Critical Operation Flag = No. The technical health figure is driven by th customization debt at 3.5: config language 'DAX, Power Query M, SQL, and APIs' -> 3.5. It is the survivor of overlap group CLU-05 (Enterprise analytics, Operational performance reporting), holding those capabilities as Primary while APP-016 carries Duplicative or Secondary roles on them.",No action and no spend. Keep Microsoft Power BI on its current contract; re-score at the 2027-06-30 renewal.,high,her Evidence Confidence is High and no gap of any kind on this row,none beyond the two portfolio-wide gaps,no change,straight from the PPPP row of the lookup table,Strategic Invest
APP-016,Tableau Cloud,"Salesforce, Inc.",Enterprise analytics,2.083,3.929,1.667,4.333,F,P,F,P,FPFP,consolidate,High,"Tableau Cloud scores business value 2.08 fails the 3.0 gate; technical health 3.93 clears the 3.0 gate; cost efficiency 1.67 fails the 3.0 gate; risk posture 4.33 clears the 3.0 gate, giving pattern FPFP -> consolidate. The business value figure is driven by ov increase value at 2.0: no money-path capability and Critical Operation Flag = No. The cost efficiency figure is driven by c unused licence waste at 1.0: 28.6% utilised, 7,000 entitled-but-inactive seats. Her Capability Map marks 2 of 2 of its capability rows Duplicative, a survivor (APP-015) holds the same capabilities as Primary, and her own evidence names a migration path, so the redundancy override forces consolidate rather than retire: the capability persists. Her TCO sheet puts $750,000 of the $1,040,000 annual run cost as avoidable, against $220,000 one-time transition cost. $290,000 a year survives the action and is NOT claimed; her Cost Notes give the reason: ""Avoidable after dashboard migration and extract retirement."" Redundancy override: cluster CLU-05 membership overrides the retire the gates returned and forces consolidate into APP-015; the capability persists there.","Fold into APP-015 and stop paying for Tableau Cloud separately. Budget $220,000 of one-time transition cost to release $750,000 a year ($530,000 net in year one). Serve or waive exit notice by 2026-11-30 (renewal 2027-02-28, 90 days notice, AUTO-RENEW ON).",high,her Evidence Confidence is High and no gap of any kind on this row,none beyond the two portfolio-wide gaps,no change,"redundancy override: exit-notice deadline 2026-11-30 is 108 days out (renewal 2027-02-28 less 90 days notice, auto-renew Yes)",Consolidation Candidate
APP-017,Workday Human Capital Management,"Workday, Inc.",Human capital management,5.0,4.429,4.833,5.0,P,P,P,P,PPPP,retain,Very Low,"Workday Human Capital Management scores business value 5.00 clears the 3.0 gate; technical health 4.43 clears the 3.0 gate; cost efficiency 4.83 clears the 3.0 gate; risk posture 5.00 clears the 3.0 gate, giving pattern PPPP -> retain. The business value figure is driven by ov increase value at 5.0: money-path capabilities Payroll and benefits administration held as Primary + Full. The technical health figure is driven by th supportability at 4.0: release '2026 R1 (synthetic)' -> 4.0 [no Vendor Support End on file: lower evidence]. It is the survivor of overlap group CLU-06 (Human capital management, Payroll and benefits administration, Talent management), holding those capabilities as Primary while APP-018 carries Duplicative or Secondary roles on them.",No action and no spend. Keep Workday Human Capital Management on its current contract; re-score at the 2027-08-31 renewal.,high,her Evidence Confidence is High and no gap of any kind on this row,none beyond the two portfolio-wide gaps,no change,straight from the PPPP row of the lookup table,Strategic Invest
APP-018,Oracle PeopleSoft HCM,Oracle Corporation,Human capital management,2.667,2.571,2.167,2.0,F,F,F,F,FFFF,consolidate,High,"Oracle PeopleSoft HCM scores business value 2.67 fails the 3.0 gate; technical health 2.57 fails the 3.0 gate; cost efficiency 2.17 fails the 3.0 gate; risk posture 2.00 fails the 3.0 gate, giving pattern FFFF -> consolidate. The business value figure is driven by ov reduce costs efficiency at 2.0: 3 capability rows; every capability row is Duplicative. The technical health figure is driven by th operational stability at 1.0: NETTED OUT to risk by decision a4 (not in this score): 34 P1/P2 in 12mo over 4,620 active users = 7.36/1k, which would have scored 1.0 here as it did in v2; MTTR 155 min -> 1.0; availability 0.9970 vs SLA 0.9990 -> 1.5. The cost efficiency figure is driven by c cost per active user vs peers at 2.0: $602 per active user vs capability-peer median $338 = 1.78x -> 2.0 (2 apps sharing at least one capability with it in her Capability Map (APP-017, APP-018); a 2-member group is the midpoint of a pair, which is weak — see the notes). v2's Category basis gave the same 2.0 ($338 median, 1.78x, 2 apps in Category 'Human Capital Management'). The risk posture figure is driven by r technical risk at 1.0: 3 open critical vulnerabilities (-1.5); oldest critical vulnerability 143 days old, past a quarter (-0.5); 18 open high vulnerabilities (-1.5); backup success rate 0.9960 below 0.997 (-0.5); 34 Sev-1/Sev-2 incidents in 12 months (-1.0); Customer-managed on-premises: recovery burden entirely internal (-0.5). Her Capability Map marks 3 of 3 of its capability rows Duplicative, a survivor (APP-017) holds the same capabilities as Primary, and her own evidence names a migration path, so the redundancy override forces consolidate rather than retire: the capability persists. Her TCO sheet puts $1,400,000 of the $2,780,000 annual run cost as avoidable, against $650,000 one-time transition cost. $1,380,000 a year survives the action and is NOT claimed; her Cost Notes give the reason: ""Avoidable after payroll, benefits, and regional HR migration."" Redundancy override: cluster CLU-06 membership overrides the retire the gates returned and forces consolidate into APP-017; the capability persists there.","Fold into APP-017 and stop paying for Oracle PeopleSoft HCM separately. Budget $650,000 of one-time transition cost to release $1,400,000 a year ($750,000 net in year one). Serve or waive exit notice by 2027-07-04 (renewal 2027-12-31, 180 days notice).",high,her Evidence Confidence is High and no gap of any kind on this row,none beyond the two portfolio-wide gaps,no change,"redundancy override: net first-year saving $750,000 is above the $700k line",Replace / Sunset
APP-019,Salesforce Health Cloud,"Salesforce, Inc.",Patient engagement and care coordination,3.917,4.214,3.833,4.833,P,P,P,P,PPPP,retain,Very Low,"Salesforce Health Cloud scores business value 3.92 clears the 3.0 gate; technical health 4.21 clears the 3.0 gate; cost efficiency 3.83 clears the 3.0 gate; risk posture 4.83 clears the 3.0 gate, giving pattern PPPP -> retain. The business value figure is driven by ov increase value at 2.0: no money-path capability and Critical Operation Flag = No. The technical health figure is driven by th customization debt at 3.0: config language 'Flow, Apex, Lightning Web Components, configurat' -> 3.0.",No action and no spend. Keep Salesforce Health Cloud on its current contract; re-score at the 2027-03-31 renewal.,high,her Evidence Confidence is High and no gap of any kind on this row,none beyond the two portfolio-wide gaps,no change,straight from the PPPP row of the lookup table,Active
APP-020,Imprivata Enterprise Access Management,"Imprivata, Inc.",Clinical identity and access management,4.667,3.929,5.0,4.5,P,P,P,P,PPPP,retain,Very Low,"Imprivata Enterprise Access Management scores business value 4.67 clears the 3.0 gate; technical health 3.93 clears the 3.0 gate; cost efficiency 5.00 clears the 3.0 gate; risk posture 4.50 clears the 3.0 gate, giving pattern PPPP -> retain. The business value figure is driven by ov increase value at 3.0: no money-path capability, but Critical Operation Flag = Yes. The technical health figure is driven by th architecture fit at 3.5: Hosting Model -> 4.0; 1 Critical dependency with Low migration feasibility (Microsoft Entra ID / Activ) -0.5.",No action and no spend. Keep Imprivata Enterprise Access Management on its current contract; re-score at the 2027-05-31 renewal.,high,her Evidence Confidence is High and no gap of any kind on this row,none beyond the two portfolio-wide gaps,no change,straight from the PPPP row of the lookup table,Strategic Invest
